"","pdb_id","dataset","seed","recycle","rms_before_ref_align_seq_rec_bb","rms_before_ref_align_seq_rec","rms_before_ref_align_seq_pep_bb","rms_before_ref_align_seq_pep","rmsBB_if","rmsBB_allIF","rmsALL_if","rmsALL_allIF","rmsALL_CAPRI_if","rmsBB_CAPRI_if","rmsBB","max_in1A","max_in2.5A","max_in4A"
"1","1czy_CE","Motif","seed_0","recycle_9",0.59,0.99,1.87,3.22,2.458,1.31,3.689,2.138,1.843,1.118,2.458,5,6,7
"2","1eg4_AP","Motif","seed_0","recycle_9",0.59,1.06,2.4,3.4,10.692,4.814,11.647,5.753,5.777,4.793,12.962,0,0,0
"3","1elw_AC","Motif","seed_0","recycle_9",0.25,0.68,0.89,1.36,25.025,9.966,23.508,9.939,10.979,11.143,25.025,0,0,0
"4","1jd5_AB","Motif","seed_0","recycle_9",4.58,4.85,2.27,4.32,4.393,3.156,5.641,3.721,5.642,5.534,5.298,0,5,5
"5","1jwg_BD","Motif","seed_0","recycle_9",0.75,1.41,2.13,4.45,4.631,2.325,6.59,3.652,3.278,2.021,4.743,0,0,0
"6","1mfg_AB","Motif","seed_0","recycle_9",0.33,0.94,0.57,1.2,1.099,0.554,1.584,1.113,1.13,0.559,1.099,4,9,9
"7","1ntv_AB","Motif","seed_0","recycle_9",0.22,0.81,0.2,1.35,0.205,0.171,1.418,1.103,1.149,0.171,0.205,7,10,10
"8","1rxz_AB","Motif","seed_0","recycle_9",0.46,0.98,0.5,1.36,0.74,0.44,1.492,1.125,1.105,0.431,0.74,5,11,11
"9","1ssh_AB","Motif","seed_0","recycle_9",1.97,2.06,0.6,0.76,0.962,0.507,1.043,0.996,0.803,0.486,1.191,7,11,11
"10","1x2r_AB","Motif","seed_0","recycle_9",0.48,1.03,0.56,1.38,7.564,3.806,10.574,5.326,5.605,3.858,6.773,0,0,0
"11","2a3i_AB","Motif","seed_0","recycle_9",0.76,1.16,1.08,2.73,0.442,0.346,0.746,0.872,0.747,0.245,1.449,9,10,12
"12","2cch_DF","Motif","seed_0","recycle_9",0.69,1.22,2.01,3.38,2.412,1.376,4.185,2.487,2.43,1.325,2.211,4,11,12
